items,freq
"though,",12160
"much,",35104
"doesnt, like",9125
"size,",10396
"foods,",8326
"getting,",8764
texture,13043
"taste, good,",18670
"need,",12741
"love, great,",12061
"also, good",14324
"price, like,",8495
getting,11506
"also, like",17219
"ive, tried,",7955
"texture,",9254
"store,",19388
"better, flavor",7865
"price, one",8716
"green,",7985
"get, br,",12591
lot,19693
"better, one",9743
"around,",9776
"taste, like,",24515
"taste,",54680
gluten,8239
"much, one,",10455
"want,",15187
"eat, like",11863
"love, br,",9587
"tried, br",10609
"ive, br",11265
"price, product",9671
"amazon, one,",8113
also,43465
"ive, taste",9641
ingredients,14365
"ive, good",10795
"grocery,",10043
"product, great",19140
"excellent,",9788
"perfect,",12911
"making,",8055
grocery,13339
"know, dont",9095
"fresh,",12533
say,19075
"amazon, br",9663
"far,",11274
"dont, one,",10798
"flavor, br",16258
"dont, much",9853
dont,47817
quickly,8481
"really, get",9802
"really, one",13449
wanted,8640
"two, br",8071
"see,",11727
"sweet, like",11014
free,18638
healthy,16711
sweet,25569
"br, good",22090
"make, br",11355
"time, get",9201
"found, br",8026
"dont, good,",11271
packaging,8388
makes,21132
cheaper,8366
"oil,",7950
"way, like",9947
"give, like",8664
"high,",11013
"find, taste",9037
decided,8995
looking,15582
"flavor, good, like",8801
"cant, like",7960
times,9084
recommend,24692
"time, product",9873
"may,",9082
"little, product",8157
"buy, product",9418
"great,",58849
"dont, product",9590
"little, great",10667
"flavor, br, like",8614
"really, good,",13334
"little, good,",10010
top,9095
absolutely,9287
"find, good",11308
"water, like",9701
"actually,",10635
"make, flavor",7943
"two, one",9791
"get, one",15531
"love, product,",8479
must,7933
stars,8183
"use, great,",8661
"year,",10186
use,43824
"product,",51006
products,15901
husband,9583
"use, flavor",8965
"get, good,",12240
regular,15032
"use, product",11329
less,17719
"product, one",15075
wasnt,7995
"didnt,",14335
"much, good",14073
"best, taste",9314
months,10223
"bought,",21962
"use, great",11695
"product, one,",11824
foods,11046
"also, taste,",8918
"taste, great, like",8031
rice,9306
smooth,8351
bag,22849
"calories,",9119
"love, good,",10830
"better,",26762
ago,8816
"food, good",9272
"also, good,",10865
might,9915
"use, one,",8590
ive,37035
"bags,",9520
id,10260
three,9119
"amazon, good",10474
"stuff,",13446
"even, br",11625
"best, good",10251
dogs,11992
"also, really",8410
"lot, like",8350
tasting,12646
"dont, get,",8969
"time, love",8246
"new,",9874
sugar,23673
"local,",13100
bitter,8089
"add,",14753
right,19343
"time, like,",10806
"water, br",7965
"bit, good",8018
"low,",8065
"found, like",9782
"many, like",8288
"little, one",11735
"little, great,",7933
almost,13764
"two,",18529
"sweet, taste",9157
came,12713
"try, one",11084
without,20222
"little, good",13338
"ordered,",14846
"one, good, like,",7847
cat,7989
people,12872
comes,10336
"put,",12872
gave,8854
blend,7946
half,10222
"used, one",8040
"sugar, taste",8266
"make, like,",10987
made,27005
going,14155
"two, one,",7892
smell,9799
thought,16477
"one, good,",17228
"organic,",10024
"many,",16802
"first,",24702
flavor,65850
"buy, br,",7888
buy,43109
"really, like",22376
"without,",14867
"taste, great,",14448
"amazon, like,",8921
"tried, good",12039
wish,9087
"get, flavor,",7973
ordering,8022
"amazon, like",11085
"ive, one,",8649
"know, like",9073
"food, one",9220
save,8486
"food, like,",9040
"taste, good, like,",9076
last,14480
"much, flavor",11002
"love, one,",11172
purchase,13902
item,9975
"tried, flavor",10121
"also, use",8556
green,11161
"even, br,",9593
"price, br",8540
"much, taste",13212
"tastes, great",8505
"product, good,",13607
"use, taste",10152
"always,",14706
prefer,8438
"even,",28650
"drink, like",9451
"usually,",8503
"ive, flavor",8475
"think, br",8324
"eat, like,",9149
"use, dont",8007
"good,",66209
"tea, taste",8863
review,8711
"box,",17995
"bought, one",7877
know,22455
bought,30377
"eat, one",9608
tastes,26355
size,13188
"drink,",16270
couple,8635
youre,8970
"made, like",9843
eating,15714
easy,18526
"well, br,",8863
"right,",14079
"make, one,",8505
fact,8615
"make, great",10622
"bit,",16729
"take,",10810
"dont, one",13630
used,31395
"find, amazon,",8057
new,13299
small,17162
"highly,",9931
extra,8496
local,17278
"way, br",7978
give,21790
"flavor, br,",12891
"cant,",16538
little,42734
"loved,",8490
"dont, taste",14062
like,107593
"dont, br",14577
"cup, coffee",9213
"work,",10613
"make,",28770
"really, good, like",8728
"br, product",15474
"said,",8559
"flavor, taste,",12502
"coffee, one",9468
"time, good,",9292
"really,",35780
"almost,",10458
actually,14192
"make, good,",9168
"time, br",11331
work,14388
"flavor, love",12840
"pretty,",10783
"make, use",8467
"little,",31165
"flavor, one,",12248
"since,",19287
"however,",13923
"one, taste",19453
bags,11856
years,21215
excellent,14066
"get, love",10894
enough,17939
per,11245
"purchased,",10679
"probably,",8357
ever,19858
"much, get,",7895
theyre,9024
"tried, good,",9006
"much, flavor,",8248
whole,16101
cereal,8384
diet,10031
"get, great",13180
"amazon, product",10184
around,12484
"amazon, love",8527
instead,9731
never,22037
"tastes,",17929
"best, br",8805
"long,",12359
"use, good",12188
wont,11167
next,8612
"love, taste,",10341
"even, good",11466
tea,32741
"hot,",12256
"much, like",18951
"whole,",12138
"say,",13942
"bag,",17762
though,16528
kids,9450
"get, good",15925
best,43060
"much, love",9509
"think, like",11103
reviews,10509
got,23113
taste,80209
arrived,11735
much,48112
"amazon, product,",8051
loves,18393
"find, flavor",8096
milk,15457
"time, one,",10033
"great, like,",16717
"time, like",13887
"dont, br,",11893
"buying,",12132
case,9438
"trying,",8987
"one, like",28289
feel,11989
"coffee, like",14037
try,36735
"one, good, like",9882
"two, like",8588
"people,",9514
added,11166
"home,",8079
"little, taste,",8428
family,11978
"buy, like,",10379
"find, great",9741
"br, one,",18023
"wonderful,",10806
"im,",27286
water,22523
something,20082
dry,10229
"im, like,",11279
"im, great",8077
"coffee, good",11705
"cup,",14595
"im, br",11972
"one, taste,",14552
keep,17579
"full,",7913
"find, one,",8021
"quality,",12585
"br, good,",17755
"first, br,",8940
available,9985
"br, good, like",10842
days,10529
"try, br",10392
started,7997
enjoy,16038
"find, love",8347
however,18389
"try, good",11492
time,43525
"much, product,",7908
"better, taste,",8026
us,10373
"product, taste",15150
"even, taste,",7955
"ive, one",11138
snack,14828
"better, taste",10995
"anything,",9273
"best, one",11747
"order,",17941
"tasty,",10866
"eat, good",9738
"get, br",15279
"definitely,",11461
"ive, good,",8268
"want, like",8384
"ive,",27062
"tried, best",8517
"natural,",8943
"best,",29596
perfect,18552
strong,14281
"ive, im",8130
good,96495
amazon,41700
"much, product",10242
things,10539
tasty,15563
"never,",16159
"go, like",8701
"use, one",10706
"even, get",8111
"much, good,",10654
"best, like,",8795
"amazon, br,",8194
love,66801
"price, amazon",10247
"years,",17195
"price,",29623
anything,12844
even,38393
ones,9080
"love,",45765
"tried, great",8808
"lot,",14379
"store, like",8025
drink,22615
"also, br,",11500
"dont,",34997
chocolate,22063
"br, product,",12663
"one, great,",12939
"coffee, like,",9964
"healthy,",12007
"little, br,",9888
"family,",8740
deal,8757
"flavor, product",11096
"br, one",21962
"first, like,",9876
"make, taste",10150
"expensive,",9204
high,14568
"well, like",13286
"looking,",11260
worth,13399
"water,",17355
"little, like",16480
received,12063
"chocolate, like",8205
disappointed,10101
"find, like,",9772
full,10560
"bad,",11784
"first, one",10217
shipping,13991
"br, like,",22722
"one, like,",21683
"flavors,",12892
"well,",27867
"first, time",9238
br,67158
"dont, great,",8249
"since, like",8917
"half,",7944
brands,10789
"buy, good,",8834
"well, good",11651
least,8933
"im, good",11500
add,19792
"little, taste",11334
"great, good",19957
"make, like",14308
"every,",15220
"really, flavor,",8668
"br, one, good",8226
flavored,8200
"one,",57385
ill,10056
"oz,",8641
"tasted,",9649
"tea, like",10557
quite,14127
"get, one,",12369
fast,8095
"ingredients,",10924
"much, br",13862
"products,",11519
nothing,9875
thing,15163
"best, like",11922
old,15440
tried,41427
"amazon,",31729
"tried, br,",8555
"stores,",9958
"love, product",11709
"taste, good",26323
"price, great,",9456
"us,",7899
"amazon, one",9900
"dogs,",8795
"amazon, good,",8236
"also, taste",11719
"wont,",8203
"thing,",11293
"better, great",8370
"use, br,",9567
"day, one",7877
hot,17318
"also, product",9814
"even, good,",8867
"get, product,",8568
"eat, br",8394
need,17122
price,40450
"ive, like,",10268
"taste, good, like",12207
"price, like",10727
stuff,19210
"old,",13022
"even, one",11413
"better, br",9974
"product, good",18788
better,37406
"get, product",11007
"love, great",17209
health,8630
"buy, one,",8138
"time, taste",9335
"well, one,",8334
flavors,17791
"tasting,",8564
"br,",52277
"one, taste, like",9915
"time, one",12632
"dont, really",10209
"br, great,",12239
"dont, get",11430
"br, taste",19852
many,22810
"first, one,",8248
"br, good, like,",8889
"well, br",10834
quality,18084
"coffee, taste",10808
come,11193
nice,23297
"found, good",8670
find,41663
"really, flavor",11864
"really, product",9878
"br, taste, good",8054
"really, great",12479
"little, really",8015
bit,22859
cant,23045
"eating,",11698
"another,",11058
"highly, recommend",9483
"little, love",8343
"buy, br",9673
"well, product",8707
"try, one,",8595
look,9543
found,30803
"buy, great",10023
happy,14788
treats,10025
"try, good,",8603
"enjoy,",11429
"well, great",9636
"really, great,",9050
"amount,",8608
"well, taste",9401
"dont, taste, like",8575
went,8608
"find,",30281
"better, good,",8818
"food, br",9259
doesnt,18510
"also, like,",13331
"also, great",12258
"also, love",9361
"also, dont",8024
"product, taste,",11000
"even, product",8152
several,11984
eat,31262
"amazon, great",10521
"also, much",8473
"delicious,",17247
product,72787
"think, good",8683
"get, flavor",10455
"last,",11312
"several,",9069
"hard,",12284
"tried, like,",11897
"regular,",10954
still,23380
"bag, like",8018
"enough,",13491
"bought, good",8227
natural,12095
"ive, br,",9174
oz,9258
"got, like",8114
"brand,",13053
want,20670
big,14718
company,9420
"quite,",10496
"get, like",19321
"use, love",8115
sauce,11010
"better, br,",8150
"even, flavor",8013
order,24373
"package,",10559
"get,",40086
"day,",17019
"good, like,",23570
go,23911
"better, much,",8773
"price, great",13089
although,7850
"little, br",11986
"flavor, great",16699
two,24175
cookies,9333
butter,10463
"really, taste",14671
"little, get",8667
great,86690
"well, one",10444
im,37278
"buy, dont",7912
away,11016
"im, dont",8042
"buy, good",12145
"recommend,",17168
"back,",13599
fine,8773
"like,",75511
"flavor, taste, like",9180
"feel,",8841
"time, good",12315
"bit, like",9674
glad,7910
"try, great",8468
"br, one, like",10849
"sweet,",18003
"first, good",9632
"im, one",10950
"flavor, like",25168
works,8359
"make, good",12117
"coffee, good,",8130
"make, one",10693
"buy, taste",9766
"made, good",8068
"im, like",14709
expensive,12229
"im, br,",9709
"flavor, great,",11727
"easy,",13314
"dont, taste,",10465
"make, br,",9251
"small,",13170
home,10926
back,17887
"flavor, one",16199
"buy, one",10421
favorite,22410
"free,",13785
low,10754
"used, good",8574
"also, br",13860
"much, one",13107
"best, great",9150
morning,10120
"less,",13974
"taste, like",34531
"mix,",15152
"know,",16732
purchased,14185
"get, taste",13063
"go,",17661
"",259938
"dog,",12282
"still, good",8203
"ever, best",9770
"price, good,",9967
"love, one",14862
maybe,8618
"best, flavor",8210
"much, great,",8193
"tea, flavor",8610
"real,",9022
dog,16869
"tried, taste",12077
"tea,",21817
"tried, one,",10101
"product, like",20280
"better, good",11828
"use, like,",11052
"still,",17686
bars,7978
"get, like,",14888
"food, like",11629
"per,",10219
"didnt, like",9145
"even, like,",11405
probably,10899
"even, taste",10491
store,25847
"get, great,",9927
"even, like",14737
"drink, taste",8075
"even, dont",8249
year,12265
"best, one,",8649
"use, good,",9217
"big,",10822
"still, like",9238
"ive, best",8785
"try, taste",10962
"come,",8297
problem,10055
way,26205
"pack,",10894
isnt,9834
"nice,",16307
"dont, good",14824
"sugar,",17413
"flavor, like,",18308
"used, product",8081
first,32826
"added,",8414
"time, great",10459
"received,",9057
seems,9958
"great, like",23061
"coffee,",27738
"sweet, like,",8073
"make, product",8265
"chocolate,",15512
"made,",19860
"try, like",15249
"really, br",13678
"away,",8271
"little, flavor",9905
"dont, br, like",8330
"try, taste,",8148
"different,",13668
sure,17440
"sure,",12949
especially,9876
fruit,9686
"really, like,",16415
"flavor, good,",14347
black,8249
"first, br",10812
"nice, like",8533
"little, like,",12619
buying,16613
"coffee, great",9644
every,20641
"worth,",9803
"find, like",12714
"makes,",15224
make,39405
"time,",31876
"found,",22770
"something,",14769
"find, good,",8528
"way, good",7995
"good, like",32315
usually,11317
"treat,",8879
"even, great",9123
"much, great",10801
"price, good",13627
brand,18381
"bought, like",9549
"also, flavor",9872
delicious,25186
"tried, one",13374
package,13765
"ive, like",13408
"also, one",12351
"love, like,",14029
"use, like",14280
light,9279
"ever,",13667
"use, product,",8498
kind,9812
always,20239
"food,",24859
"tried,",29804
"love, br",11934
"loves,",13048
"also, get",8715
"amazon, get",8571
"tastes, like,",9954
"much, get",9908
"even, one,",9153
"tastes, like",14339
drinking,8859
didnt,19403
"much, like,",14405
stores,13689
"product, great,",13532
"tea, good",8836
"use, get",8222
"reviews,",7975
"product, like,",15140
"better, like,",10499
food,33544
"think,",18630
long,16638
treat,12159
far,15648
"tried, taste,",8905
"love, taste",14796
"use,",31873
since,25166
"favorite,",15740
wonderful,15069
may,11837
"br, taste, like,",8917
"br, taste, like",11180
"really, taste, like",8394
"br, one, like,",9043
"dont, great",11027
said,11278
"dont, like",22199
"shipping,",10766
"came,",9167
different,18438
ordered,19681
"great, good,",14127
"flavor, taste",17271
dark,9040
take,14041
thats,11548
"time, br,",9441
either,8105
chicken,10292
"flavor,",45537
"one, good",22549
"coffee, flavor",10732
organic,13895
amount,11504
"first, taste",9331
"buy,",30663
"used, like,",8181
"really, one,",10421
"sugar, like",9892
well,38304
"found, one",8409
"try, br,",8416
"way,",19363
"keep,",13087
cup,19135
trying,12125
one,78141
coffee,41256
"used, br",8722
"little, one,",9300
"im, one,",8609
bad,16213
"well, flavor",7842
"first, like",12549
pack,13141
"something, like",9347
"thought,",12103
think,25041
fresh,17859
"arrived,",8264
mix,20218
"taste, great",20819
"get, taste,",9879
"snack,",10462
"also, one,",9997
candy,9987
"got,",16908
"purchase,",10041
real,12662
using,17487
"use, br",11508
"ive, great",8279
"tastes, good",10184
box,22988
"tried, like",15873
"much, br,",11369
get,54362
"ive, tried",10882
others,8767
variety,8362
"better, like",13892
"strong,",9950
"eat,",22945
"also,",32372
"much, really",9076
calories,10580
tasted,13998
making,10755
"much, taste,",9862
"love, like",19355
"price, amazon,",8148
"love, good",15149
"months,",8865
"grocery, store",8591
day,22126
"also, great,",9108
definitely,16226
"get, love,",8236
"doesnt,",13473
liked,8585
"think, like,",8566
"amazon, great,",8129
hard,17268
salt,9861
"better, much",11759
able,10298
"using,",13304
"give,",16778
really,50676
put,17070
"find, one",10193
"sweet, good",7886
see,15275
"try, like,",11499
money,9870
"br, like",28452
oil,11061
"im, flavor",8302
"used,",23069
"really, love",9721
bottle,9247
"made, br",8278
loved,12369
"find, br,",8129
"bit, br",7910
large,9270
"really, good",18498
"dont, love",9749
"try,",26619
another,14315
"used, like",10600
"br, great",15377
"br, taste,",15678
"well, like,",10252
"im, taste",10311
highly,14091
"buy, like",13749
"one, great",17223
"dont, like,",16652
pretty,14969
"flavor, love,",9170
"thats,",8911
"well, good,",8763
"days,",8661
"find, br",9947
"find, product",9003
"really, taste,",10547
"flavor, product,",8244
"happy,",10499
"find, amazon",10533
"flavor, good",20018
"really, br,",10971
"try, flavor",8936
"milk,",11376
"dont, flavor",10263
"going,",10734
"buy, love",8157
"im, good,",8739
